filename,sha256,pages,linked,initially_linked,recovered_automatically,work_id,work_title,work_doi,managed_path,identity_check
1-s2.0-S0022395624000682-mainext.pdf,7e1cbed590db811443a33c0c910b45836ced12fa1be114a8864bd18f4e2e5c14,9,True,True,False,7a6c33c0-60a4-4c6c-a852-73c2e2486207,"Efficacy of accelerated deep transcranial magnetic stimulation with double cone coil in obsessive-compulsive disorder: A double-blind, placebo-controlled study",10.1016/j.jpsychires.2024.02.005,/Users/anselm/Library/Application Support/ResearchBunny/library/attachments/7e1cbed590db811443a33c0c910b45836ced12fa1be114a8864bd18f4e2e5c14.pdf,DOI 일치
1-s2.0-S0165032720324393-main.pdf,5533be4f1a6ad391ee09bb21fc5526f3fc0953f52992322223c81881b0080dc8,8,True,False,True,0b462938-7390-487f-9d14-8d4028a907fd,Treating major depression and comorbid disorders with transcranial magnetic stimulation,10.1016/j.jad.2020.07.025,/Users/anselm/Library/Application Support/ResearchBunny/library/attachments/5533be4f1a6ad391ee09bb21fc5526f3fc0953f52992322223c81881b0080dc8.pdf,DOI 일치
1-s2.0-S0165032721000148-main.pdf,fec60c0a7cbcd979e877fea429752a80ef3f8d613502c8ba5ab8e36f90403674,5,True,True,False,21767a7a-aa04-4ab5-95b2-72d3d29d5898,A comparison of 15 minute vs 30 minute repetitive transcranial magnetic stimulation sessions for treatment resistant depression – are longer treatment sessions more effective?,10.1016/j.jad.2021.01.009,/Users/anselm/Library/Application Support/ResearchBunny/library/attachments/fec60c0a7cbcd979e877fea429752a80ef3f8d613502c8ba5ab8e36f90403674.pdf,DOI 일치
1-s2.0-S0165032724000363-main.pdf,748b435b8d6aefdda0d449aafc8b5e31d6d9e9af82c1c6ce8109542ce33fa790,8,True,True,False,6865fae3-d007-47b8-bb16-1600b1031133,"Efficacy and safety of intermittent theta burst stimulation on adolescents and young adults with major depressive disorder: A randomized, double blinded, controlled trial",10.1016/j.jad.2024.01.025,/Users/anselm/Library/Application Support/ResearchBunny/library/attachments/748b435b8d6aefdda0d449aafc8b5e31d6d9e9af82c1c6ce8109542ce33fa790.pdf,DOI 일치
1-s2.0-S0165032724010103-main.pdf,2af808b14a49cc6284607a030dd7afc9dec8ea41a35a400f449b8bed33342c52,9,True,True,False,1aba9c8c-b686-429d-8b60-cffb57668943,"Continuous theta burst stimulation for bipolar depression: A multicenter, double-blind randomized controlled study exploring treatment efficacy and predictive potential of kynurenine metabolites",10.1016/j.jad.2024.06.078,/Users/anselm/Library/Application Support/ResearchBunny/library/attachments/2af808b14a49cc6284607a030dd7afc9dec8ea41a35a400f449b8bed33342c52.pdf,DOI 일치
1-s2.0-S0165032726001965-main.pdf,ff89dffd4fe7aff0f9349d09478897d54e8289bf0f8b678613a2de1100d4755a,9,True,True,False,5bf8d34a-ce8e-427c-bc02-ebcc2b834d61,Efficacy of 5 × 5 accelerated versus conventional repetitive transcranial magnetic stimulation (rTMS) for treatment-resistant depression,10.1016/j.jad.2026.121345,/Users/anselm/Library/Application Support/ResearchBunny/library/attachments/ff89dffd4fe7aff0f9349d09478897d54e8289bf0f8b678613a2de1100d4755a.pdf,DOI 일치
1-s2.0-S0165032726003915-main.pdf,cbd88f46ea108e863828afcb813d0dc00858a3ba2aece2be8f4d77af42b2b95d,12,True,True,False,687ea21b-6b31-40da-90de-c74c89c5318c,Efficacy and safety of accelerated transcranial magnetic stimulation on suicidality in depressive disorders: A systematic review and meta-analysis,10.1016/j.jad.2026.121540,/Users/anselm/Library/Application Support/ResearchBunny/library/attachments/cbd88f46ea108e863828afcb813d0dc00858a3ba2aece2be8f4d77af42b2b95d.pdf,DOI 일치
1-s2.0-S0165032726006920-main.pdf,fac2464712efdd4244d3f1f5052c5c9bf38dc28923df64af242ac33b143e3e45,10,True,True,False,15ce27e5-efb0-4f04-8b36-938827c7d4c2,"Efficacy of adjunctive intermittent theta-burst stimulation on depressive and insomnia symptoms in elderly patients with depression and comorbid insomnia: A randomized, sham-controlled trial",10.1016/j.jad.2026.121841,/Users/anselm/Library/Application Support/ResearchBunny/library/attachments/fac2464712efdd4244d3f1f5052c5c9bf38dc28923df64af242ac33b143e3e45.pdf,DOI 일치
1-s2.0-S0165032726013686-main.pdf,8d932afde9729b7e3cd2903f086cd21d777b79bbbf17ac64b807ad8f77e43282,9,True,True,False,62d30d56-809d-4a92-803b-ec02dce4404d,Connectivity- and frequency-individualized accelerated intermittent theta burst stimulation in treatment-resistant depression: A randomized controlled trial,10.1016/j.jad.2026.122515,/Users/anselm/Library/Application Support/ResearchBunny/library/attachments/8d932afde9729b7e3cd2903f086cd21d777b79bbbf17ac64b807ad8f77e43282.pdf,DOI 일치
1-s2.0-S027858461730564X-main.pdf,aac71400cadae2fe5b6b91812c28636e80b7ab68ea70d9a40e2db1204c9d0b91,9,True,True,False,617b5cb1-2226-4758-8dff-9956d4497447,A systematic review and meta-analysis on placebo response to repetitive transcranial magnetic stimulation for depression trials,10.1016/j.pnpbp.2017.10.016,/Users/anselm/Library/Application Support/ResearchBunny/library/attachments/aac71400cadae2fe5b6b91812c28636e80b7ab68ea70d9a40e2db1204c9d0b91.pdf,DOI 일치
1-s2.0-S1876201823002423-main.pdf,fc84132133a8f011e7bb7309c8338b5974ffcf38d113d451a0b699b433d3988c,7,True,True,False,51bbd279-3888-4e77-8a1d-21c055bc087e,"The longer, the better ? Longer left-sided prolonged intermittent theta burst stimulation in patients with major depressive disorder: A randomized sham-controlled study",10.1016/j.ajp.2023.103686,/Users/anselm/Library/Application Support/ResearchBunny/library/attachments/fc84132133a8f011e7bb7309c8338b5974ffcf38d113d451a0b699b433d3988c.pdf,DOI 일치
1-s2.0-S1876201825004654-main.pdf,5c56f71bd6acade616bfd0067346e559c5d41241ae8f1cd8f8e6d54ed4df7e2b,14,True,False,True,09170bc7-4c27-4b9a-a9a6-497c63dc3c67,Efficacy and safety of continuous theta burst stimulation for auditory hallucinations: A GRADE-assessed meta-analysis of randomized sham-controlled trials,10.1016/j.ajp.2025.104822,/Users/anselm/Library/Application Support/ResearchBunny/library/attachments/5c56f71bd6acade616bfd0067346e559c5d41241ae8f1cd8f8e6d54ed4df7e2b.pdf,DOI 일치
1-s2.0-S2666915326000879-main.pdf,1c7d3ca0a4bcc15f8b19a8c8da1927209714bc4fa3ff133bfe816dc93caffd8f,11,True,True,False,758fad10-4e08-4c3b-8913-99c5361cb17c,A systematic review of accelerated transcranial magnetic stimulation induced neuroplasticity in patients with depression,10.1016/j.jadr.2026.101108,/Users/anselm/Library/Application Support/ResearchBunny/library/attachments/1c7d3ca0a4bcc15f8b19a8c8da1927209714bc4fa3ff133bfe816dc93caffd8f.pdf,DOI 일치
1-s2.0-S2666915326000892-main.pdf,0913328bbab85653771cd4520ee545dd6cb58bc365c9f9b5ff7d0f0253fb0a46,8,True,True,False,245e75c9-fa99-4c33-8ce0-cfa527c7d239,Predicting final TMS outcomes from symptom trajectory during treatment,10.1016/j.jadr.2026.101110,/Users/anselm/Library/Application Support/ResearchBunny/library/attachments/0913328bbab85653771cd4520ee545dd6cb58bc365c9f9b5ff7d0f0253fb0a46.pdf,DOI 일치
PIIS0006322323017882.pdf,8183fc759b321ca9c7d5a0aebc2b754717776fe164cbfb42d6255caa6d7789f2,8,True,False,True,00ea77c5-67cd-43f7-af13-08dbcbf0b29d,Comparisons of Accelerated Continuous and Intermittent Theta Burst Stimulation for Treatment-Resistant Depression and Suicidal Ideation,10.1016/j.biopsych.2023.12.013,/Users/anselm/Library/Application Support/ResearchBunny/library/attachments/8183fc759b321ca9c7d5a0aebc2b754717776fe164cbfb42d6255caa6d7789f2.pdf,DOI 일치
PIIS0140673618302952.pdf,cf38704a05f9bfe777d2df07f1558a18f33b093c3cdc335817449b5bfaf669a5,10,True,True,False,931c01bb-5565-4b49-aedb-63f939bd8cbd,Effectiveness of theta burst versus high-frequency repetitive transcranial magnetic stimulation in patients with depression (THREE-D): a randomised non-inferiority trial,10.1016/s0140-6736(18)30295-2,/Users/anselm/Library/Application Support/ResearchBunny/library/attachments/cf38704a05f9bfe777d2df07f1558a18f33b093c3cdc335817449b5bfaf669a5.pdf,제목 완전 일치
PIIS1878747926001029.pdf,4bc4b06a61d62cdb181c13015fddcd870beab0cbf6ce93a8b23a4d49b6dc9ccf,10,True,True,False,7706003f-6b8c-4850-b465-47a5407e6ccd,Heterogeneous brain alterations in treatment-resistant depression converge on common control networks,10.1016/j.neurot.2026.e00932,/Users/anselm/Library/Application Support/ResearchBunny/library/attachments/4bc4b06a61d62cdb181c13015fddcd870beab0cbf6ce93a8b23a4d49b6dc9ccf.pdf,DOI 일치
PIIS1935861X25000774.pdf,315a5af1cb274088fa73b822b97a22646f5ef432b696cd7cae01cce8653d6699,10,True,True,False,246dde0e-1451-48ec-a2b9-66002ca41bff,Investigating brain network dynamics in state-dependent stimulation: A concurrent electroencephalography and transcranial magnetic stimulation study using hidden Markov models,10.1016/j.brs.2025.03.020,/Users/anselm/Library/Application Support/ResearchBunny/library/attachments/315a5af1cb274088fa73b822b97a22646f5ef432b696cd7cae01cce8653d6699.pdf,DOI 일치
PIIS2950004426000374.pdf,44be3ff6801d028b8a6927d386bec9ea0a5ec23bed4026f2843ef3a1e7e6cd06,5,True,True,False,855b8280-e83b-4e79-9831-f48eacdd7b23,Dose effect of bilateral transcranial magnetic stimulation for depression and anxiety in a real-world clinical setting,10.1016/j.xjmad.2026.100202,/Users/anselm/Library/Application Support/ResearchBunny/library/attachments/44be3ff6801d028b8a6927d386bec9ea0a5ec23bed4026f2843ef3a1e7e6cd06.pdf,DOI 일치
PIIS3050529125000923.pdf,1065dcb5e65c35ae533ee4c53acb48ce1a2901bdef33ee3d5f9087b0c6cc245e,4,True,True,False,2bf25c16-c4b1-45e6-9232-53ad61ff235a,Single-day TMS regimens with pharmacological augmentation of plasticity: Five cases,10.1016/j.transm.2025.100176,/Users/anselm/Library/Application Support/ResearchBunny/library/attachments/1065dcb5e65c35ae533ee4c53acb48ce1a2901bdef33ee3d5f9087b0c6cc245e.pdf,DOI 일치
PIIS3050529126000048.pdf,455963e306566f3dea4f0ec1403b2c042ad189899c3ba971b0b772252a377d2a,9,True,True,False,2da8f6b4-278d-4447-901e-d26292d73415,A retrospective study to assess clinical outcomes among patients receiving a novel sequential bilateral transcranial magnetic stimulation protocol for depression,10.1016/j.transm.2026.100207,/Users/anselm/Library/Application Support/ResearchBunny/library/attachments/455963e306566f3dea4f0ec1403b2c042ad189899c3ba971b0b772252a377d2a.pdf,DOI 일치
brown-philip-2025-pharmaco-transcranial-magnetic-stimulation-letting-mechanism-guide-the-way.pdf,10c1182cee4c28b95c940e78a3d39752f4181c1cd9ba82dc41990fb2c6b7fdb6,3,True,False,True,04e072c6-01f9-48b7-9d88-337dfb819b54,Pharmaco-Transcranial Magnetic Stimulation: Letting Mechanism Guide the Way,10.1176/appi.ajp.20241151,/Users/anselm/Library/Application Support/ResearchBunny/library/attachments/10c1182cee4c28b95c940e78a3d39752f4181c1cd9ba82dc41990fb2c6b7fdb6.pdf,제목 완전 일치
ijms-27-00344-v2.pdf,3ddd5f520b25103c6425a094ab681ba82f0947b642b66b297cf479d26efa8d7c,39,True,True,False,3b5dec56-609e-46d0-a5ef-e8bb3b3bd611,Molecular Mechanisms of Emerging Antidepressant Strategies: From Ketamine to Neuromodulation,10.3390/ijms27010344,/Users/anselm/Library/Application Support/ResearchBunny/library/attachments/3ddd5f520b25103c6425a094ab681ba82f0947b642b66b297cf479d26efa8d7c.pdf,DOI 일치
mmc1.pdf,257bfb22dcbb061ba9b1bfe1ac52b27d11634d86abd8b6470871a258a27ac96e,22,False,False,False,,,,,본문 첨부 제외
rbo_2026_oi_260590_1782846615.95725.pdf,78a64906fbc1153e32b3f42e7feef972e78cf833b61c6257f0859c77a20ce77f,12,True,True,False,1e23c115-6656-4efb-add6-c01152bd8272,Intermittent Theta-Burst Stimulation and Depressive Symptoms in Major Depressive Disorder,10.1001/jamanetworkopen.2026.21262,/Users/anselm/Library/Application Support/ResearchBunny/library/attachments/78a64906fbc1153e32b3f42e7feef972e78cf833b61c6257f0859c77a20ce77f.pdf,DOI 일치
researchbunny-062a9e35-7f60-458c-aaaf-ce449d04f6e1.pdf,047044c7159ea5a126d159a2cb6ec1168df71f4bfe7a2292a783f4094519d2b5,32,True,True,False,866b91aa-e4b8-4612-9d7a-cb88291575bb,Normative Modeling of sgACC-DLPFC Functional Connectivity Identifies a Personalized rTMS Target Associated with Clinical Response in Major Depressive Disorder,10.1016/j.biopsych.2026.07.025,/Users/anselm/Library/Application Support/ResearchBunny/library/attachments/047044c7159ea5a126d159a2cb6ec1168df71f4bfe7a2292a783f4094519d2b5.pdf,DOI 일치
researchbunny-26753e53-04bb-40d6-a389-436f2efe4a80.pdf,178a277ea6f694cc7b0fb9a7d41465adecbc53cf8a8e7921a949d9c674aac3ed,11,True,True,False,390aa03d-faf3-4e39-90fe-6ba15bda736c,A pilot investigation of accelerated deep transcranial magnetic stimulation protocols in treatment-resistant depression,10.1007/s00406-020-01141-y,/Users/anselm/Library/Application Support/ResearchBunny/library/attachments/178a277ea6f694cc7b0fb9a7d41465adecbc53cf8a8e7921a949d9c674aac3ed.pdf,DOI 일치
researchbunny-29af8825-0efc-4e1f-8cd7-de750d5f4904.pdf,10c1182cee4c28b95c940e78a3d39752f4181c1cd9ba82dc41990fb2c6b7fdb6,3,True,False,True,04e072c6-01f9-48b7-9d88-337dfb819b54,Pharmaco-Transcranial Magnetic Stimulation: Letting Mechanism Guide the Way,10.1176/appi.ajp.20241151,/Users/anselm/Library/Application Support/ResearchBunny/library/attachments/10c1182cee4c28b95c940e78a3d39752f4181c1cd9ba82dc41990fb2c6b7fdb6.pdf,제목 완전 일치
researchbunny-2db74c85-8bc3-450b-a261-c6c13299873a.pdf,57ca7f44e00d26d73c7e9191ee82a6276dea76d18c56cb47f7cc509115470375,18,True,True,False,3bb50c58-3db8-4380-9b5b-de38bb25766b,Assessing the mechanisms of brain plasticity by transcranial magnetic stimulation,10.1038/s41386-022-01453-8,/Users/anselm/Library/Application Support/ResearchBunny/library/attachments/57ca7f44e00d26d73c7e9191ee82a6276dea76d18c56cb47f7cc509115470375.pdf,DOI 일치
researchbunny-373e3c50-48c1-46f2-862a-64f58136352a.pdf,2f70226681cf91b546a7e3d76b8353fb771b72010d76a503cb351a7787085097,2,True,True,False,59bfcf5a-7b30-4755-8e18-5d799090e232,Refining rTMS dosing: EMG-Based motor threshold matters,10.1007/s00406-025-02025-9,/Users/anselm/Library/Application Support/ResearchBunny/library/attachments/2f70226681cf91b546a7e3d76b8353fb771b72010d76a503cb351a7787085097.pdf,DOI 일치
researchbunny-4bd39473-564b-4cb4-8bbd-7e5ba66fbe12.pdf,c07aa314a72d4ecdb0c2d11a5b6e9bdea33457100f94ababecd46bf36bbd2860,3,True,False,True,0de37494-ef0a-4523-afe8-8c7c1830f239,Spaced Transcranial Direct Current Stimulation for Depression: The Road Less Traveled,10.1176/appi.ajp.20241088,/Users/anselm/Library/Application Support/ResearchBunny/library/attachments/c07aa314a72d4ecdb0c2d11a5b6e9bdea33457100f94ababecd46bf36bbd2860.pdf,제목 완전 일치
researchbunny-53e4a0d7-566e-4719-b601-e160e5887e28.pdf,9eaa1844fadfc202dd36bd1e4568e716b8f581a9afa7274c44191ba025f37bf3,12,True,True,False,67cda90c-668f-4136-9554-70a02a90fa7e,"Stanford neuromodulation therapy for treatment‐resistant depression: a randomized controlled trial confirming efficacy, and an EEG study providing insight into mechanism of action and a potentially predictive biomarker of efficacy",10.1002/wps.70032,/Users/anselm/Library/Application Support/ResearchBunny/library/attachments/9eaa1844fadfc202dd36bd1e4568e716b8f581a9afa7274c44191ba025f37bf3.pdf,제목 완전 일치
researchbunny-565648cc-52a7-4aba-b404-0738c280fd22.pdf,72161f376801e5188fdbb7f574c7bf3e8635b439b36c6ee43c26ee6cb72ca638,11,True,True,False,884a8790-5565-4bd4-8e24-2b1123e6d008,Accelerated sequential bilateral theta-burst stimulation in major depression: an open trial,10.1007/s00406-023-01648-0,/Users/anselm/Library/Application Support/ResearchBunny/library/attachments/72161f376801e5188fdbb7f574c7bf3e8635b439b36c6ee43c26ee6cb72ca638.pdf,DOI 일치
researchbunny-5a5ff702-801c-4c48-b896-6344116a465f.pdf,2bf3ed247cb9c2e8a3637daa2e773d597aeef40c2ff2bf062c0dd22de777fc5d,21,True,True,False,33e2ae25-24a4-4ba9-a995-f3eec23468fb,More rTMS pulses or more sessions? The impact on treatment outcome for treatment resistant depression,10.1111/acps.13768,/Users/anselm/Library/Application Support/ResearchBunny/library/attachments/2bf3ed247cb9c2e8a3637daa2e773d597aeef40c2ff2bf062c0dd22de777fc5d.pdf,DOI 일치
researchbunny-6306c557-e855-46d8-a9ae-528c09aa6d11.pdf,85b64fba0a335ccd52b30234e10f9f9b6ff06792255a775c402233a68349f8a5,9,True,False,True,0a9aa87c-934e-4a7e-b968-d280406f5367,An Update on the Use of Neuromodulation Strategies in the Treatment of Schizophrenia,10.1176/appi.ajp.20250068,/Users/anselm/Library/Application Support/ResearchBunny/library/attachments/85b64fba0a335ccd52b30234e10f9f9b6ff06792255a775c402233a68349f8a5.pdf,DOI 일치
researchbunny-637c2178-e487-4b98-b1f9-42a4effd4780.pdf,246c069e80858b69e19522fb88d6996f11fd2d9c37049f1a1ed88626a4132d64,12,True,False,True,13ce7468-a5d4-46b1-9df7-e72bca48af10,The effect of once-daily vs. twice-daily intermittent theta burst stimulation on suicidal ideation in treatment-resistant depression,10.1007/s00406-024-01929-2,/Users/anselm/Library/Application Support/ResearchBunny/library/attachments/246c069e80858b69e19522fb88d6996f11fd2d9c37049f1a1ed88626a4132d64.pdf,DOI 일치
researchbunny-669b69cf-f1b2-4c24-bc77-059ee635ea15.pdf,3a59725947d06787b0761a5043f7c1c2697dc214fd156cc72ad63e71ef0ce3b6,4,True,True,False,5526669f-3d03-4665-b568-b904d86a7047,Accelerated transcranial magnetic stimulation: A pilot study of safety and efficacy using a pragmatic protocol,10.1016/j.brs.2024.07.009,/Users/anselm/Library/Application Support/ResearchBunny/library/attachments/3a59725947d06787b0761a5043f7c1c2697dc214fd156cc72ad63e71ef0ce3b6.pdf,DOI 일치
researchbunny-9e9ae4e6-b042-4e0b-8638-503ac83e1fc0.pdf,e0b0747a0c1a530e1cd6274c8111ed91742ef73a622096b4e86a7d7751a0367a,12,True,True,False,d321bb45-5f14-4831-818e-2451fb65b74b,The Problem and Potential of TMS' Infinite Parameter Space: A Targeted Review and Road Map Forward,10.3389/fpsyt.2022.867091,/Users/anselm/Library/Application Support/ResearchBunny/library/attachments/e0b0747a0c1a530e1cd6274c8111ed91742ef73a622096b4e86a7d7751a0367a.pdf,DOI 일치
researchbunny-c6d9aa26-7dc1-43fc-af34-9d2a1bce78bb.pdf,e404e47424978ea0f75e79d6eccd8fc37f3fc17e89aa1c7497d27036a9d19e92,17,True,True,False,6e04a289-395b-4234-a5fb-de342ac1eae5,Individualizing rTMS in treatment-resistant depression from patient-specific perfusion abnormalities a proof-of-concept randomized trial in comparison to standard rTMS and tDCS,10.1007/s00406-025-02027-7,/Users/anselm/Library/Application Support/ResearchBunny/library/attachments/e404e47424978ea0f75e79d6eccd8fc37f3fc17e89aa1c7497d27036a9d19e92.pdf,DOI 일치
researchbunny-c7dcaa27-b038-4b63-8d19-62e6c2c71369.pdf,03bc0b1f26e745f7eb37ba88bf2413b46686154db79946f87e2d80c352998ac9,9,True,True,False,494c7e6a-a70c-402e-990d-790d8383b486,Accelerating the therapeutic effects of non-invasive brain stimulation: A Neuroscience School of Advanced Studies (NSAS) challenge workshop,10.1016/j.brs.2026.103120,/Users/anselm/Library/Application Support/ResearchBunny/library/attachments/03bc0b1f26e745f7eb37ba88bf2413b46686154db79946f87e2d80c352998ac9.pdf,DOI 일치
researchbunny-e1e8bc67-eaee-49b5-a786-31d643bb8028.pdf,1296ebb533894ba2478ff333883f3d4a77e7a6719d72637101e0715bfd7995c7,2,True,False,True,0a531d8b-80e2-49fb-a6a9-6de5c55b5c9e,Can ECT and rTMS Finally Help Us Trust in Precision Psychiatry?,10.1111/acps.13795,/Users/anselm/Library/Application Support/ResearchBunny/library/attachments/1296ebb533894ba2478ff333883f3d4a77e7a6719d72637101e0715bfd7995c7.pdf,DOI 일치
researchbunny-f14886f9-3764-4921-9de1-74fe30f136a4.pdf,130a9e1afe7e42f7508197e63e20ee3603247322283490e19129c6dc00ae72f3,1,False,False,False,,,,,본문 첨부 제외
researchbunny-f1c21006-35d2-497d-b84b-89d2c9a5c906.pdf,777a8baae85273100bdf800f170bb7538d57b50219570b17cb043051616bd141,10,True,True,False,7c04ba48-570e-4aa8-9498-b53b0bce1131,"Antidepressant effects of prolonged intermittent theta-burst stimulation monotherapy at the bilateral dorsomedial prefrontal cortex for medication and standard transcranial magnetic stimulation-resistant major depression: a three arm, randomized, double blind, sham-controlled pilot study",10.1007/s00406-022-01523-4,/Users/anselm/Library/Application Support/ResearchBunny/library/attachments/777a8baae85273100bdf800f170bb7538d57b50219570b17cb043051616bd141.pdf,DOI 일치
